state_name,death_year,age_range,death_count
ALABAMA,2015,≤ 20,0
ALABAMA,2015,21-30,0
ALABAMA,2015,31-40,2
ALABAMA,2015,41-50,4
ALABAMA,2015,51-60,6
ALABAMA,2015,61-70,7
ALABAMA,2015,≥ 71,1
ALABAMA,2016,≤ 20,0
ALABAMA,2016,21-30,6
ALABAMA,2016,31-40,11
ALABAMA,2016,41-50,15
ALABAMA,2016,51-60,30
ALABAMA,2016,61-70,33
ALABAMA,2016,≥ 71,23
ALABAMA,2017,≤ 20,0
ALABAMA,2017,21-30,3
ALABAMA,2017,31-40,16
ALABAMA,2017,41-50,15
ALABAMA,2017,51-60,33
ALABAMA,2017,61-70,32
ALABAMA,2017,≥ 71,17
ALABAMA,2018,≤ 20,1
ALABAMA,2018,21-30,9
ALABAMA,2018,31-40,17
ALABAMA,2018,41-50,24
ALABAMA,2018,51-60,33
ALABAMA,2018,61-70,28
ALABAMA,2018,≥ 71,13
ALABAMA,2019,≤ 20,0
ALABAMA,2019,21-30,8
ALABAMA,2019,31-40,17
ALABAMA,2019,41-50,13
ALABAMA,2019,51-60,39
ALABAMA,2019,61-70,35
ALABAMA,2019,≥ 71,17
ALASKA,2015,≤ 20,0
ALASKA,2015,21-30,0
ALASKA,2015,31-40,0
ALASKA,2015,41-50,2
ALASKA,2015,51-60,1
ALASKA,2015,61-70,0
ALASKA,2015,≥ 71,0
ALASKA,2016,≤ 20,0
ALASKA,2016,21-30,3
ALASKA,2016,31-40,2
ALASKA,2016,41-50,2
ALASKA,2016,51-60,1
ALASKA,2016,61-70,0
ALASKA,2016,≥ 71,2
ALASKA,2017,≤ 20,0
ALASKA,2017,21-30,1
ALASKA,2017,31-40,3
ALASKA,2017,41-50,1
ALASKA,2017,51-60,0
ALASKA,2017,61-70,1
ALASKA,2017,≥ 71,3
ALASKA,2018,≤ 20,0
ALASKA,2018,21-30,3
ALASKA,2018,31-40,3
ALASKA,2018,41-50,1
ALASKA,2018,51-60,2
ALASKA,2018,61-70,0
ALASKA,2018,≥ 71,2
ALASKA,2019,≤ 20,0
ALASKA,2019,21-30,1
ALASKA,2019,31-40,0
ALASKA,2019,41-50,0
ALASKA,2019,51-60,1
ALASKA,2019,61-70,1
ALASKA,2019,≥ 71,0
ARIZONA,2015,≤ 20,0
ARIZONA,2015,21-30,0
ARIZONA,2015,31-40,4
ARIZONA,2015,41-50,6
ARIZONA,2015,51-60,7
ARIZONA,2015,61-70,6
ARIZONA,2015,≥ 71,3
ARIZONA,2016,≤ 20,1
ARIZONA,2016,21-30,7
ARIZONA,2016,31-40,8
ARIZONA,2016,41-50,26
ARIZONA,2016,51-60,30
ARIZONA,2016,61-70,34
ARIZONA,2016,≥ 71,20
ARIZONA,2017,≤ 20,0
ARIZONA,2017,21-30,8
ARIZONA,2017,31-40,14
ARIZONA,2017,41-50,23
ARIZONA,2017,51-60,29
ARIZONA,2017,61-70,31
ARIZONA,2017,≥ 71,28
ARIZONA,2018,≤ 20,0
ARIZONA,2018,21-30,6
ARIZONA,2018,31-40,21
ARIZONA,2018,41-50,18
ARIZONA,2018,51-60,36
ARIZONA,2018,61-70,28
ARIZONA,2018,≥ 71,22
ARIZONA,2019,≤ 20,0
ARIZONA,2019,21-30,8
ARIZONA,2019,31-40,12
ARIZONA,2019,41-50,16
ARIZONA,2019,51-60,34
ARIZONA,2019,61-70,25
ARIZONA,2019,≥ 71,19
ARKANSAS,2015,≤ 20,0
ARKANSAS,2015,21-30,1
ARKANSAS,2015,31-40,3
ARKANSAS,2015,41-50,3
ARKANSAS,2015,51-60,3
ARKANSAS,2015,61-70,3
ARKANSAS,2015,≥ 71,1
ARKANSAS,2016,≤ 20,0
ARKANSAS,2016,21-30,4
ARKANSAS,2016,31-40,8
ARKANSAS,2016,41-50,8
ARKANSAS,2016,51-60,20
ARKANSAS,2016,61-70,21
ARKANSAS,2016,≥ 71,10
ARKANSAS,2017,≤ 20,0
ARKANSAS,2017,21-30,6
ARKANSAS,2017,31-40,11
ARKANSAS,2017,41-50,15
ARKANSAS,2017,51-60,24
ARKANSAS,2017,61-70,20
ARKANSAS,2017,≥ 71,5
ARKANSAS,2018,≤ 20,0
ARKANSAS,2018,21-30,5
ARKANSAS,2018,31-40,15
ARKANSAS,2018,41-50,11
ARKANSAS,2018,51-60,18
ARKANSAS,2018,61-70,20
ARKANSAS,2018,≥ 71,7
ARKANSAS,2019,≤ 20,0
ARKANSAS,2019,21-30,3
ARKANSAS,2019,31-40,9
ARKANSAS,2019,41-50,14
ARKANSAS,2019,51-60,15
ARKANSAS,2019,61-70,23
ARKANSAS,2019,≥ 71,12
CALIFORNIA,2015,≤ 20,1
CALIFORNIA,2015,21-30,5
CALIFORNIA,2015,31-40,8
CALIFORNIA,2015,41-50,8
CALIFORNIA,2015,51-60,22
CALIFORNIA,2015,61-70,20
CALIFORNIA,2015,≥ 71,15
CALIFORNIA,2016,≤ 20,2
CALIFORNIA,2016,21-30,14
CALIFORNIA,2016,31-40,33
CALIFORNIA,2016,41-50,38
CALIFORNIA,2016,51-60,101
CALIFORNIA,2016,61-70,92
CALIFORNIA,2016,≥ 71,54
CALIFORNIA,2017,≤ 20,0
CALIFORNIA,2017,21-30,36
CALIFORNIA,2017,31-40,44
CALIFORNIA,2017,41-50,47
CALIFORNIA,2017,51-60,84
CALIFORNIA,2017,61-70,79
CALIFORNIA,2017,≥ 71,94
CALIFORNIA,2018,≤ 20,1
CALIFORNIA,2018,21-30,31
CALIFORNIA,2018,31-40,45
CALIFORNIA,2018,41-50,63
CALIFORNIA,2018,51-60,113
CALIFORNIA,2018,61-70,122
CALIFORNIA,2018,≥ 71,74
CALIFORNIA,2019,≤ 20,0
CALIFORNIA,2019,21-30,17
CALIFORNIA,2019,31-40,56
CALIFORNIA,2019,41-50,52
CALIFORNIA,2019,51-60,86
CALIFORNIA,2019,61-70,102
CALIFORNIA,2019,≥ 71,85
COLORADO,2015,≤ 20,0
COLORADO,2015,21-30,0
COLORADO,2015,31-40,1
COLORADO,2015,41-50,3
COLORADO,2015,51-60,7
COLORADO,2015,61-70,4
COLORADO,2015,≥ 71,4
COLORADO,2016,≤ 20,0
COLORADO,2016,21-30,2
COLORADO,2016,31-40,6
COLORADO,2016,41-50,7
COLORADO,2016,51-60,18
COLORADO,2016,61-70,15
COLORADO,2016,≥ 71,9
COLORADO,2017,≤ 20,0
COLORADO,2017,21-30,3
COLORADO,2017,31-40,5
COLORADO,2017,41-50,4
COLORADO,2017,51-60,8
COLORADO,2017,61-70,9
COLORADO,2017,≥ 71,12
COLORADO,2018,≤ 20,1
COLORADO,2018,21-30,5
COLORADO,2018,31-40,4
COLORADO,2018,41-50,6
COLORADO,2018,51-60,12
COLORADO,2018,61-70,14
COLORADO,2018,≥ 71,13
COLORADO,2019,≤ 20,1
COLORADO,2019,21-30,0
COLORADO,2019,31-40,3
COLORADO,2019,41-50,4
COLORADO,2019,51-60,13
COLORADO,2019,61-70,17
COLORADO,2019,≥ 71,11
CONNECTICUT,2015,≤ 20,0
CONNECTICUT,2015,21-30,0
CONNECTICUT,2015,31-40,0
CONNECTICUT,2015,41-50,1
CONNECTICUT,2015,51-60,2
CONNECTICUT,2015,61-70,0
CONNECTICUT,2015,≥ 71,1
CONNECTICUT,2016,≤ 20,0
CONNECTICUT,2016,21-30,2
CONNECTICUT,2016,31-40,3
CONNECTICUT,2016,41-50,2
CONNECTICUT,2016,51-60,3
CONNECTICUT,2016,61-70,4
CONNECTICUT,2016,≥ 71,3
CONNECTICUT,2017,≤ 20,0
CONNECTICUT,2017,21-30,1
CONNECTICUT,2017,31-40,2
CONNECTICUT,2017,41-50,3
CONNECTICUT,2017,51-60,3
CONNECTICUT,2017,61-70,2
CONNECTICUT,2017,≥ 71,3
CONNECTICUT,2018,≤ 20,0
CONNECTICUT,2018,21-30,1
CONNECTICUT,2018,31-40,2
CONNECTICUT,2018,41-50,3
CONNECTICUT,2018,51-60,12
CONNECTICUT,2018,61-70,7
CONNECTICUT,2018,≥ 71,3
CONNECTICUT,2019,≤ 20,0
CONNECTICUT,2019,21-30,0
CONNECTICUT,2019,31-40,6
CONNECTICUT,2019,41-50,4
CONNECTICUT,2019,51-60,3
CONNECTICUT,2019,61-70,5
CONNECTICUT,2019,≥ 71,1
DELAWARE,2015,≤ 20,1
DELAWARE,2015,21-30,0
DELAWARE,2015,31-40,0
DELAWARE,2015,41-50,0
DELAWARE,2015,51-60,1
DELAWARE,2015,61-70,0
DELAWARE,2015,≥ 71,1
DELAWARE,2016,≤ 20,0
DELAWARE,2016,21-30,0
DELAWARE,2016,31-40,1
DELAWARE,2016,41-50,2
DELAWARE,2016,51-60,3
DELAWARE,2016,61-70,5
DELAWARE,2016,≥ 71,3
DELAWARE,2017,≤ 20,0
DELAWARE,2017,21-30,1
DELAWARE,2017,31-40,0
DELAWARE,2017,41-50,3
DELAWARE,2017,51-60,1
DELAWARE,2017,61-70,4
DELAWARE,2017,≥ 71,1
DELAWARE,2018,≤ 20,0
DELAWARE,2018,21-30,1
DELAWARE,2018,31-40,3
DELAWARE,2018,41-50,2
DELAWARE,2018,51-60,4
DELAWARE,2018,61-70,2
DELAWARE,2018,≥ 71,4
DELAWARE,2019,≤ 20,0
DELAWARE,2019,21-30,0
DELAWARE,2019,31-40,2
DELAWARE,2019,41-50,1
DELAWARE,2019,51-60,4
DELAWARE,2019,61-70,3
DELAWARE,2019,≥ 71,3
FLORIDA,2015,≤ 20,0
FLORIDA,2015,21-30,5
FLORIDA,2015,31-40,6
FLORIDA,2015,41-50,15
FLORIDA,2015,51-60,26
FLORIDA,2015,61-70,24
FLORIDA,2015,≥ 71,20
FLORIDA,2016,≤ 20,0
FLORIDA,2016,21-30,19
FLORIDA,2016,31-40,23
FLORIDA,2016,41-50,54
FLORIDA,2016,51-60,97
FLORIDA,2016,61-70,97
FLORIDA,2016,≥ 71,66
FLORIDA,2017,≤ 20,0
FLORIDA,2017,21-30,18
FLORIDA,2017,31-40,38
FLORIDA,2017,41-50,84
FLORIDA,2017,51-60,115
FLORIDA,2017,61-70,102
FLORIDA,2017,≥ 71,71
FLORIDA,2018,≤ 20,1
FLORIDA,2018,21-30,24
FLORIDA,2018,31-40,48
FLORIDA,2018,41-50,57
FLORIDA,2018,51-60,112
FLORIDA,2018,61-70,121
FLORIDA,2018,≥ 71,77
FLORIDA,2019,≤ 20,1
FLORIDA,2019,21-30,15
FLORIDA,2019,31-40,36
FLORIDA,2019,41-50,50
FLORIDA,2019,51-60,88
FLORIDA,2019,61-70,105
FLORIDA,2019,≥ 71,105
GEORGIA,2015,≤ 20,1
GEORGIA,2015,21-30,2
GEORGIA,2015,31-40,3
GEORGIA,2015,41-50,3
GEORGIA,2015,51-60,10
GEORGIA,2015,61-70,9
GEORGIA,2015,≥ 71,3
GEORGIA,2016,≤ 20,1
GEORGIA,2016,21-30,9
GEORGIA,2016,31-40,12
GEORGIA,2016,41-50,17
GEORGIA,2016,51-60,35
GEORGIA,2016,61-70,40
GEORGIA,2016,≥ 71,19
GEORGIA,2017,≤ 20,2
GEORGIA,2017,21-30,10
GEORGIA,2017,31-40,27
GEORGIA,2017,41-50,20
GEORGIA,2017,51-60,44
GEORGIA,2017,61-70,43
GEORGIA,2017,≥ 71,27
GEORGIA,2018,≤ 20,0
GEORGIA,2018,21-30,17
GEORGIA,2018,31-40,11
GEORGIA,2018,41-50,22
GEORGIA,2018,51-60,52
GEORGIA,2018,61-70,40
GEORGIA,2018,≥ 71,21
GEORGIA,2019,≤ 20,0
GEORGIA,2019,21-30,15
GEORGIA,2019,31-40,30
GEORGIA,2019,41-50,22
GEORGIA,2019,51-60,33
GEORGIA,2019,61-70,40
GEORGIA,2019,≥ 71,17
HAWAII,2015,≤ 20,0
HAWAII,2015,21-30,0
HAWAII,2015,31-40,0
HAWAII,2015,41-50,0
HAWAII,2015,51-60,0
HAWAII,2015,61-70,1
HAWAII,2015,≥ 71,0
HAWAII,2016,≤ 20,0
HAWAII,2016,21-30,1
HAWAII,2016,31-40,2
HAWAII,2016,41-50,2
HAWAII,2016,51-60,2
HAWAII,2016,61-70,1
HAWAII,2016,≥ 71,1
HAWAII,2017,≤ 20,0
HAWAII,2017,21-30,1
HAWAII,2017,31-40,1
HAWAII,2017,41-50,1
HAWAII,2017,51-60,0
HAWAII,2017,61-70,0
HAWAII,2017,≥ 71,1
HAWAII,2018,≤ 20,0
HAWAII,2018,21-30,1
HAWAII,2018,31-40,1
HAWAII,2018,41-50,2
HAWAII,2018,51-60,0
HAWAII,2018,61-70,2
HAWAII,2018,≥ 71,0
HAWAII,2019,≤ 20,0
HAWAII,2019,21-30,0
HAWAII,2019,31-40,0
HAWAII,2019,41-50,2
HAWAII,2019,51-60,1
HAWAII,2019,61-70,3
HAWAII,2019,≥ 71,3
IDAHO,2015,≤ 20,0
IDAHO,2015,21-30,0
IDAHO,2015,31-40,0
IDAHO,2015,41-50,1
IDAHO,2015,51-60,3
IDAHO,2015,61-70,0
IDAHO,2015,≥ 71,0
IDAHO,2016,≤ 20,0
IDAHO,2016,21-30,1
IDAHO,2016,31-40,1
IDAHO,2016,41-50,1
IDAHO,2016,51-60,4
IDAHO,2016,61-70,3
IDAHO,2016,≥ 71,6
IDAHO,2017,≤ 20,0
IDAHO,2017,21-30,1
IDAHO,2017,31-40,2
IDAHO,2017,41-50,0
IDAHO,2017,51-60,5
IDAHO,2017,61-70,3
IDAHO,2017,≥ 71,4
IDAHO,2018,≤ 20,0
IDAHO,2018,21-30,2
IDAHO,2018,31-40,1
IDAHO,2018,41-50,2
IDAHO,2018,51-60,6
IDAHO,2018,61-70,7
IDAHO,2018,≥ 71,4
IDAHO,2019,≤ 20,0
IDAHO,2019,21-30,2
IDAHO,2019,31-40,3
IDAHO,2019,41-50,0
IDAHO,2019,51-60,5
IDAHO,2019,61-70,10
IDAHO,2019,≥ 71,5
ILLINOIS,2015,≤ 20,0
ILLINOIS,2015,21-30,2
ILLINOIS,2015,31-40,2
ILLINOIS,2015,41-50,4
ILLINOIS,2015,51-60,11
ILLINOIS,2015,61-70,7
ILLINOIS,2015,≥ 71,3
ILLINOIS,2016,≤ 20,1
ILLINOIS,2016,21-30,3
ILLINOIS,2016,31-40,9
ILLINOIS,2016,41-50,19
ILLINOIS,2016,51-60,25
ILLINOIS,2016,61-70,19
ILLINOIS,2016,≥ 71,14
ILLINOIS,2017,≤ 20,0
ILLINOIS,2017,21-30,7
ILLINOIS,2017,31-40,2
ILLINOIS,2017,41-50,9
ILLINOIS,2017,51-60,32
ILLINOIS,2017,61-70,37
ILLINOIS,2017,≥ 71,17
ILLINOIS,2018,≤ 20,0
ILLINOIS,2018,21-30,4
ILLINOIS,2018,31-40,10
ILLINOIS,2018,41-50,12
ILLINOIS,2018,51-60,23
ILLINOIS,2018,61-70,21
ILLINOIS,2018,≥ 71,13
ILLINOIS,2019,≤ 20,0
ILLINOIS,2019,21-30,3
ILLINOIS,2019,31-40,7
ILLINOIS,2019,41-50,16
ILLINOIS,2019,51-60,23
ILLINOIS,2019,61-70,28
ILLINOIS,2019,≥ 71,17
INDIANA,2015,≤ 20,0
INDIANA,2015,21-30,0
INDIANA,2015,31-40,4
INDIANA,2015,41-50,3
INDIANA,2015,51-60,6
INDIANA,2015,61-70,6
INDIANA,2015,≥ 71,4
INDIANA,2016,≤ 20,0
INDIANA,2016,21-30,4
INDIANA,2016,31-40,9
INDIANA,2016,41-50,12
INDIANA,2016,51-60,17
INDIANA,2016,61-70,16
INDIANA,2016,≥ 71,12
INDIANA,2017,≤ 20,0
INDIANA,2017,21-30,2
INDIANA,2017,31-40,3
INDIANA,2017,41-50,15
INDIANA,2017,51-60,16
INDIANA,2017,61-70,18
INDIANA,2017,≥ 71,14
INDIANA,2018,≤ 20,0
INDIANA,2018,21-30,3
INDIANA,2018,31-40,2
INDIANA,2018,41-50,15
INDIANA,2018,51-60,18
INDIANA,2018,61-70,19
INDIANA,2018,≥ 71,10
INDIANA,2019,≤ 20,0
INDIANA,2019,21-30,9
INDIANA,2019,31-40,12
INDIANA,2019,41-50,16
INDIANA,2019,51-60,23
INDIANA,2019,61-70,21
INDIANA,2019,≥ 71,12
IOWA,2015,≤ 20,0
IOWA,2015,21-30,0
IOWA,2015,31-40,0
IOWA,2015,41-50,1
IOWA,2015,51-60,1
IOWA,2015,61-70,2
IOWA,2015,≥ 71,2
IOWA,2016,≤ 20,0
IOWA,2016,21-30,2
IOWA,2016,31-40,1
IOWA,2016,41-50,6
IOWA,2016,51-60,5
IOWA,2016,61-70,9
IOWA,2016,≥ 71,6
IOWA,2017,≤ 20,0
IOWA,2017,21-30,1
IOWA,2017,31-40,1
IOWA,2017,41-50,1
IOWA,2017,51-60,3
IOWA,2017,61-70,3
IOWA,2017,≥ 71,7
IOWA,2018,≤ 20,0
IOWA,2018,21-30,2
IOWA,2018,31-40,1
IOWA,2018,41-50,0
IOWA,2018,51-60,4
IOWA,2018,61-70,8
IOWA,2018,≥ 71,4
IOWA,2019,≤ 20,0
IOWA,2019,21-30,2
IOWA,2019,31-40,0
IOWA,2019,41-50,0
IOWA,2019,51-60,5
IOWA,2019,61-70,5
IOWA,2019,≥ 71,4
KANSAS,2015,≤ 20,0
KANSAS,2015,21-30,0
KANSAS,2015,31-40,1
KANSAS,2015,41-50,0
KANSAS,2015,51-60,2
KANSAS,2015,61-70,1
KANSAS,2015,≥ 71,1
KANSAS,2016,≤ 20,1
KANSAS,2016,21-30,1
KANSAS,2016,31-40,3
KANSAS,2016,41-50,7
KANSAS,2016,51-60,10
KANSAS,2016,61-70,9
KANSAS,2016,≥ 71,4
KANSAS,2017,≤ 20,0
KANSAS,2017,21-30,1
KANSAS,2017,31-40,3
KANSAS,2017,41-50,3
KANSAS,2017,51-60,8
KANSAS,2017,61-70,7
KANSAS,2017,≥ 71,4
KANSAS,2018,≤ 20,0
KANSAS,2018,21-30,1
KANSAS,2018,31-40,2
KANSAS,2018,41-50,1
KANSAS,2018,51-60,10
KANSAS,2018,61-70,9
KANSAS,2018,≥ 71,10
KANSAS,2019,≤ 20,0
KANSAS,2019,21-30,3
KANSAS,2019,31-40,3
KANSAS,2019,41-50,7
KANSAS,2019,51-60,7
KANSAS,2019,61-70,10
KANSAS,2019,≥ 71,5
KENTUCKY,2015,≤ 20,0
KENTUCKY,2015,21-30,0
KENTUCKY,2015,31-40,2
KENTUCKY,2015,41-50,1
KENTUCKY,2015,51-60,4
KENTUCKY,2015,61-70,4
KENTUCKY,2015,≥ 71,2
KENTUCKY,2016,≤ 20,0
KENTUCKY,2016,21-30,6
KENTUCKY,2016,31-40,2
KENTUCKY,2016,41-50,5
KENTUCKY,2016,51-60,13
KENTUCKY,2016,61-70,8
KENTUCKY,2016,≥ 71,8
KENTUCKY,2017,≤ 20,0
KENTUCKY,2017,21-30,2
KENTUCKY,2017,31-40,4
KENTUCKY,2017,41-50,7
KENTUCKY,2017,51-60,29
KENTUCKY,2017,61-70,17
KENTUCKY,2017,≥ 71,11
KENTUCKY,2018,≤ 20,0
KENTUCKY,2018,21-30,2
KENTUCKY,2018,31-40,2
KENTUCKY,2018,41-50,7
KENTUCKY,2018,51-60,12
KENTUCKY,2018,61-70,14
KENTUCKY,2018,≥ 71,13
KENTUCKY,2019,≤ 20,0
KENTUCKY,2019,21-30,2
KENTUCKY,2019,31-40,6
KENTUCKY,2019,41-50,7
KENTUCKY,2019,51-60,11
KENTUCKY,2019,61-70,25
KENTUCKY,2019,≥ 71,12
LOUISIANA,2015,≤ 20,0
LOUISIANA,2015,21-30,1
LOUISIANA,2015,31-40,1
LOUISIANA,2015,41-50,4
LOUISIANA,2015,51-60,14
LOUISIANA,2015,61-70,6
LOUISIANA,2015,≥ 71,10
LOUISIANA,2016,≤ 20,0
LOUISIANA,2016,21-30,5
LOUISIANA,2016,31-40,11
LOUISIANA,2016,41-50,12
LOUISIANA,2016,51-60,48
LOUISIANA,2016,61-70,35
LOUISIANA,2016,≥ 71,17
LOUISIANA,2017,≤ 20,0
LOUISIANA,2017,21-30,0
LOUISIANA,2017,31-40,16
LOUISIANA,2017,41-50,10
LOUISIANA,2017,51-60,41
LOUISIANA,2017,61-70,36
LOUISIANA,2017,≥ 71,24
LOUISIANA,2018,≤ 20,0
LOUISIANA,2018,21-30,1
LOUISIANA,2018,31-40,7
LOUISIANA,2018,41-50,14
LOUISIANA,2018,51-60,31
LOUISIANA,2018,61-70,38
LOUISIANA,2018,≥ 71,24
LOUISIANA,2019,≤ 20,0
LOUISIANA,2019,21-30,4
LOUISIANA,2019,31-40,7
LOUISIANA,2019,41-50,12
LOUISIANA,2019,51-60,35
LOUISIANA,2019,61-70,29
LOUISIANA,2019,≥ 71,15
MAINE,2015,≤ 20,0
MAINE,2015,21-30,0
MAINE,2015,31-40,0
MAINE,2015,41-50,0
MAINE,2015,51-60,0
MAINE,2015,61-70,0
MAINE,2015,≥ 71,0
MAINE,2016,≤ 20,0
MAINE,2016,21-30,0
MAINE,2016,31-40,1
MAINE,2016,41-50,1
MAINE,2016,51-60,0
MAINE,2016,61-70,3
MAINE,2016,≥ 71,0
MAINE,2017,≤ 20,0
MAINE,2017,21-30,0
MAINE,2017,31-40,0
MAINE,2017,41-50,1
MAINE,2017,51-60,1
MAINE,2017,61-70,0
MAINE,2017,≥ 71,2
MAINE,2018,≤ 20,0
MAINE,2018,21-30,1
MAINE,2018,31-40,0
MAINE,2018,41-50,2
MAINE,2018,51-60,3
MAINE,2018,61-70,0
MAINE,2018,≥ 71,2
MAINE,2019,≤ 20,0
MAINE,2019,21-30,0
MAINE,2019,31-40,0
MAINE,2019,41-50,0
MAINE,2019,51-60,4
MAINE,2019,61-70,4
MAINE,2019,≥ 71,0
MARYLAND,2015,≤ 20,0
MARYLAND,2015,21-30,1
MARYLAND,2015,31-40,3
MARYLAND,2015,41-50,2
MARYLAND,2015,51-60,13
MARYLAND,2015,61-70,3
MARYLAND,2015,≥ 71,3
MARYLAND,2016,≤ 20,1
MARYLAND,2016,21-30,4
MARYLAND,2016,31-40,8
MARYLAND,2016,41-50,5
MARYLAND,2016,51-60,18
MARYLAND,2016,61-70,10
MARYLAND,2016,≥ 71,3
MARYLAND,2017,≤ 20,0
MARYLAND,2017,21-30,7
MARYLAND,2017,31-40,4
MARYLAND,2017,41-50,7
MARYLAND,2017,51-60,11
MARYLAND,2017,61-70,14
MARYLAND,2017,≥ 71,14
MARYLAND,2018,≤ 20,0
MARYLAND,2018,21-30,4
MARYLAND,2018,31-40,12
MARYLAND,2018,41-50,11
MARYLAND,2018,51-60,20
MARYLAND,2018,61-70,4
MARYLAND,2018,≥ 71,6
MARYLAND,2019,≤ 20,0
MARYLAND,2019,21-30,6
MARYLAND,2019,31-40,8
MARYLAND,2019,41-50,13
MARYLAND,2019,51-60,14
MARYLAND,2019,61-70,12
MARYLAND,2019,≥ 71,8
MASSACHUSETTS,2015,≤ 20,0
MASSACHUSETTS,2015,21-30,0
MASSACHUSETTS,2015,31-40,0
MASSACHUSETTS,2015,41-50,0
MASSACHUSETTS,2015,51-60,4
MASSACHUSETTS,2015,61-70,1
MASSACHUSETTS,2015,≥ 71,5
MASSACHUSETTS,2016,≤ 20,0
MASSACHUSETTS,2016,21-30,1
MASSACHUSETTS,2016,31-40,2
MASSACHUSETTS,2016,41-50,2
MASSACHUSETTS,2016,51-60,6
MASSACHUSETTS,2016,61-70,15
MASSACHUSETTS,2016,≥ 71,8
MASSACHUSETTS,2017,≤ 20,0
MASSACHUSETTS,2017,21-30,2
MASSACHUSETTS,2017,31-40,1
MASSACHUSETTS,2017,41-50,2
MASSACHUSETTS,2017,51-60,8
MASSACHUSETTS,2017,61-70,11
MASSACHUSETTS,2017,≥ 71,13
MASSACHUSETTS,2018,≤ 20,0
MASSACHUSETTS,2018,21-30,3
MASSACHUSETTS,2018,31-40,3
MASSACHUSETTS,2018,41-50,5
MASSACHUSETTS,2018,51-60,7
MASSACHUSETTS,2018,61-70,12
MASSACHUSETTS,2018,≥ 71,12
MASSACHUSETTS,2019,≤ 20,0
MASSACHUSETTS,2019,21-30,1
MASSACHUSETTS,2019,31-40,2
MASSACHUSETTS,2019,41-50,2
MASSACHUSETTS,2019,51-60,10
MASSACHUSETTS,2019,61-70,9
MASSACHUSETTS,2019,≥ 71,10
MICHIGAN,2015,≤ 20,1
MICHIGAN,2015,21-30,2
MICHIGAN,2015,31-40,4
MICHIGAN,2015,41-50,4
MICHIGAN,2015,51-60,6
MICHIGAN,2015,61-70,12
MICHIGAN,2015,≥ 71,5
MICHIGAN,2016,≤ 20,0
MICHIGAN,2016,21-30,7
MICHIGAN,2016,31-40,7
MICHIGAN,2016,41-50,11
MICHIGAN,2016,51-60,34
MICHIGAN,2016,61-70,28
MICHIGAN,2016,≥ 71,19
MICHIGAN,2017,≤ 20,0
MICHIGAN,2017,21-30,8
MICHIGAN,2017,31-40,5
MICHIGAN,2017,41-50,11
MICHIGAN,2017,51-60,25
MICHIGAN,2017,61-70,34
MICHIGAN,2017,≥ 71,23
MICHIGAN,2018,≤ 20,0
MICHIGAN,2018,21-30,2
MICHIGAN,2018,31-40,20
MICHIGAN,2018,41-50,16
MICHIGAN,2018,51-60,18
MICHIGAN,2018,61-70,45
MICHIGAN,2018,≥ 71,34
MICHIGAN,2019,≤ 20,0
MICHIGAN,2019,21-30,4
MICHIGAN,2019,31-40,10
MICHIGAN,2019,41-50,20
MICHIGAN,2019,51-60,21
MICHIGAN,2019,61-70,33
MICHIGAN,2019,≥ 71,28
MINNESOTA,2015,≤ 20,0
MINNESOTA,2015,21-30,0
MINNESOTA,2015,31-40,1
MINNESOTA,2015,41-50,1
MINNESOTA,2015,51-60,0
MINNESOTA,2015,61-70,0
MINNESOTA,2015,≥ 71,0
MINNESOTA,2016,≤ 20,0
MINNESOTA,2016,21-30,0
MINNESOTA,2016,31-40,0
MINNESOTA,2016,41-50,0
MINNESOTA,2016,51-60,9
MINNESOTA,2016,61-70,5
MINNESOTA,2016,≥ 71,4
MINNESOTA,2017,≤ 20,0
MINNESOTA,2017,21-30,0
MINNESOTA,2017,31-40,3
MINNESOTA,2017,41-50,0
MINNESOTA,2017,51-60,1
MINNESOTA,2017,61-70,2
MINNESOTA,2017,≥ 71,0
MINNESOTA,2018,≤ 20,0
MINNESOTA,2018,21-30,2
MINNESOTA,2018,31-40,0
MINNESOTA,2018,41-50,0
MINNESOTA,2018,51-60,3
MINNESOTA,2018,61-70,0
MINNESOTA,2018,≥ 71,1
MINNESOTA,2019,≤ 20,0
MINNESOTA,2019,21-30,0
MINNESOTA,2019,31-40,1
MINNESOTA,2019,41-50,2
MINNESOTA,2019,51-60,3
MINNESOTA,2019,61-70,3
MINNESOTA,2019,≥ 71,1
MISSISSIPPI,2015,≤ 20,0
MISSISSIPPI,2015,21-30,0
MISSISSIPPI,2015,31-40,1
MISSISSIPPI,2015,41-50,2
MISSISSIPPI,2015,51-60,2
MISSISSIPPI,2015,61-70,1
MISSISSIPPI,2015,≥ 71,3
MISSISSIPPI,2016,≤ 20,0
MISSISSIPPI,2016,21-30,8
MISSISSIPPI,2016,31-40,8
MISSISSIPPI,2016,41-50,6
MISSISSIPPI,2016,51-60,21
MISSISSIPPI,2016,61-70,12
MISSISSIPPI,2016,≥ 71,10
MISSISSIPPI,2017,≤ 20,1
MISSISSIPPI,2017,21-30,3
MISSISSIPPI,2017,31-40,14
MISSISSIPPI,2017,41-50,13
MISSISSIPPI,2017,51-60,20
MISSISSIPPI,2017,61-70,14
MISSISSIPPI,2017,≥ 71,11
MISSISSIPPI,2018,≤ 20,1
MISSISSIPPI,2018,21-30,6
MISSISSIPPI,2018,31-40,9
MISSISSIPPI,2018,41-50,9
MISSISSIPPI,2018,51-60,19
MISSISSIPPI,2018,61-70,21
MISSISSIPPI,2018,≥ 71,11
MISSISSIPPI,2019,≤ 20,0
MISSISSIPPI,2019,21-30,4
MISSISSIPPI,2019,31-40,10
MISSISSIPPI,2019,41-50,11
MISSISSIPPI,2019,51-60,19
MISSISSIPPI,2019,61-70,19
MISSISSIPPI,2019,≥ 71,10
MISSOURI,2015,≤ 20,0
MISSOURI,2015,21-30,1
MISSOURI,2015,31-40,5
MISSOURI,2015,41-50,4
MISSOURI,2015,51-60,3
MISSOURI,2015,61-70,3
MISSOURI,2015,≥ 71,3
MISSOURI,2016,≤ 20,0
MISSOURI,2016,21-30,3
MISSOURI,2016,31-40,5
MISSOURI,2016,41-50,14
MISSOURI,2016,51-60,34
MISSOURI,2016,61-70,32
MISSOURI,2016,≥ 71,11
MISSOURI,2017,≤ 20,0
MISSOURI,2017,21-30,4
MISSOURI,2017,31-40,4
MISSOURI,2017,41-50,11
MISSOURI,2017,51-60,31
MISSOURI,2017,61-70,29
MISSOURI,2017,≥ 71,15
MISSOURI,2018,≤ 20,0
MISSOURI,2018,21-30,6
MISSOURI,2018,31-40,10
MISSOURI,2018,41-50,12
MISSOURI,2018,51-60,24
MISSOURI,2018,61-70,28
MISSOURI,2018,≥ 71,26
MISSOURI,2019,≤ 20,0
MISSOURI,2019,21-30,3
MISSOURI,2019,31-40,11
MISSOURI,2019,41-50,12
MISSOURI,2019,51-60,18
MISSOURI,2019,61-70,22
MISSOURI,2019,≥ 71,18
MONTANA,2015,≤ 20,0
MONTANA,2015,21-30,1
MONTANA,2015,31-40,1
MONTANA,2015,41-50,0
MONTANA,2015,51-60,1
MONTANA,2015,61-70,2
MONTANA,2015,≥ 71,3
MONTANA,2016,≤ 20,0
MONTANA,2016,21-30,0
MONTANA,2016,31-40,0
MONTANA,2016,41-50,3
MONTANA,2016,51-60,7
MONTANA,2016,61-70,5
MONTANA,2016,≥ 71,1
MONTANA,2017,≤ 20,0
MONTANA,2017,21-30,1
MONTANA,2017,31-40,0
MONTANA,2017,41-50,0
MONTANA,2017,51-60,3
MONTANA,2017,61-70,6
MONTANA,2017,≥ 71,3
MONTANA,2018,≤ 20,0
MONTANA,2018,21-30,0
MONTANA,2018,31-40,1
MONTANA,2018,41-50,0
MONTANA,2018,51-60,2
MONTANA,2018,61-70,1
MONTANA,2018,≥ 71,1
MONTANA,2019,≤ 20,0
MONTANA,2019,21-30,0
MONTANA,2019,31-40,0
MONTANA,2019,41-50,1
MONTANA,2019,51-60,1
MONTANA,2019,61-70,3
MONTANA,2019,≥ 71,3
NEBRASKA,2015,≤ 20,0
NEBRASKA,2015,21-30,0
NEBRASKA,2015,31-40,0
NEBRASKA,2015,41-50,0
NEBRASKA,2015,51-60,1
NEBRASKA,2015,61-70,0
NEBRASKA,2015,≥ 71,2
NEBRASKA,2016,≤ 20,0
NEBRASKA,2016,21-30,1
NEBRASKA,2016,31-40,1
NEBRASKA,2016,41-50,1
NEBRASKA,2016,51-60,3
NEBRASKA,2016,61-70,2
NEBRASKA,2016,≥ 71,1
NEBRASKA,2017,≤ 20,0
NEBRASKA,2017,21-30,2
NEBRASKA,2017,31-40,3
NEBRASKA,2017,41-50,0
NEBRASKA,2017,51-60,3
NEBRASKA,2017,61-70,4
NEBRASKA,2017,≥ 71,4
NEBRASKA,2018,≤ 20,0
NEBRASKA,2018,21-30,1
NEBRASKA,2018,31-40,1
NEBRASKA,2018,41-50,1
NEBRASKA,2018,51-60,1
NEBRASKA,2018,61-70,2
NEBRASKA,2018,≥ 71,4
NEBRASKA,2019,≤ 20,0
NEBRASKA,2019,21-30,0
NEBRASKA,2019,31-40,1
NEBRASKA,2019,41-50,3
NEBRASKA,2019,51-60,6
NEBRASKA,2019,61-70,3
NEBRASKA,2019,≥ 71,4
NEVADA,2015,≤ 20,0
NEVADA,2015,21-30,1
NEVADA,2015,31-40,3
NEVADA,2015,41-50,2
NEVADA,2015,51-60,2
NEVADA,2015,61-70,2
NEVADA,2015,≥ 71,3
NEVADA,2016,≤ 20,0
NEVADA,2016,21-30,4
NEVADA,2016,31-40,3
NEVADA,2016,41-50,3
NEVADA,2016,51-60,5
NEVADA,2016,61-70,8
NEVADA,2016,≥ 71,7
NEVADA,2017,≤ 20,0
NEVADA,2017,21-30,1
NEVADA,2017,31-40,3
NEVADA,2017,41-50,8
NEVADA,2017,51-60,7
NEVADA,2017,61-70,15
NEVADA,2017,≥ 71,13
NEVADA,2018,≤ 20,0
NEVADA,2018,21-30,2
NEVADA,2018,31-40,3
NEVADA,2018,41-50,3
NEVADA,2018,51-60,5
NEVADA,2018,61-70,8
NEVADA,2018,≥ 71,8
NEVADA,2019,≤ 20,0
NEVADA,2019,21-30,1
NEVADA,2019,31-40,1
NEVADA,2019,41-50,2
NEVADA,2019,51-60,12
NEVADA,2019,61-70,7
NEVADA,2019,≥ 71,11
NEW HAMPSHIRE,2015,≤ 20,0
NEW HAMPSHIRE,2015,21-30,0
NEW HAMPSHIRE,2015,31-40,0
NEW HAMPSHIRE,2015,41-50,0
NEW HAMPSHIRE,2015,51-60,2
NEW HAMPSHIRE,2015,61-70,0
NEW HAMPSHIRE,2015,≥ 71,2
NEW HAMPSHIRE,2016,≤ 20,0
NEW HAMPSHIRE,2016,21-30,0
NEW HAMPSHIRE,2016,31-40,0
NEW HAMPSHIRE,2016,41-50,0
NEW HAMPSHIRE,2016,51-60,1
NEW HAMPSHIRE,2016,61-70,4
NEW HAMPSHIRE,2016,≥ 71,4
NEW HAMPSHIRE,2017,≤ 20,0
NEW HAMPSHIRE,2017,21-30,0
NEW HAMPSHIRE,2017,31-40,1
NEW HAMPSHIRE,2017,41-50,2
NEW HAMPSHIRE,2017,51-60,0
NEW HAMPSHIRE,2017,61-70,0
NEW HAMPSHIRE,2017,≥ 71,2
NEW HAMPSHIRE,2018,≤ 20,0
NEW HAMPSHIRE,2018,21-30,0
NEW HAMPSHIRE,2018,31-40,1
NEW HAMPSHIRE,2018,41-50,1
NEW HAMPSHIRE,2018,51-60,0
NEW HAMPSHIRE,2018,61-70,3
NEW HAMPSHIRE,2018,≥ 71,3
NEW HAMPSHIRE,2019,≤ 20,0
NEW HAMPSHIRE,2019,21-30,0
NEW HAMPSHIRE,2019,31-40,0
NEW HAMPSHIRE,2019,41-50,1
NEW HAMPSHIRE,2019,51-60,1
NEW HAMPSHIRE,2019,61-70,3
NEW HAMPSHIRE,2019,≥ 71,3
NEW JERSEY,2015,≤ 20,0
NEW JERSEY,2015,21-30,1
NEW JERSEY,2015,31-40,3
NEW JERSEY,2015,41-50,2
NEW JERSEY,2015,51-60,1
NEW JERSEY,2015,61-70,5
NEW JERSEY,2015,≥ 71,1
NEW JERSEY,2016,≤ 20,0
NEW JERSEY,2016,21-30,1
NEW JERSEY,2016,31-40,3
NEW JERSEY,2016,41-50,11
NEW JERSEY,2016,51-60,12
NEW JERSEY,2016,61-70,12
NEW JERSEY,2016,≥ 71,10
NEW JERSEY,2017,≤ 20,0
NEW JERSEY,2017,21-30,1
NEW JERSEY,2017,31-40,1
NEW JERSEY,2017,41-50,8
NEW JERSEY,2017,51-60,10
NEW JERSEY,2017,61-70,7
NEW JERSEY,2017,≥ 71,12
NEW JERSEY,2018,≤ 20,0
NEW JERSEY,2018,21-30,0
NEW JERSEY,2018,31-40,2
NEW JERSEY,2018,41-50,3
NEW JERSEY,2018,51-60,10
NEW JERSEY,2018,61-70,12
NEW JERSEY,2018,≥ 71,6
NEW JERSEY,2019,≤ 20,0
NEW JERSEY,2019,21-30,1
NEW JERSEY,2019,31-40,5
NEW JERSEY,2019,41-50,4
NEW JERSEY,2019,51-60,9
NEW JERSEY,2019,61-70,19
NEW JERSEY,2019,≥ 71,5
NEW MEXICO,2015,≤ 20,0
NEW MEXICO,2015,21-30,0
NEW MEXICO,2015,31-40,1
NEW MEXICO,2015,41-50,0
NEW MEXICO,2015,51-60,3
NEW MEXICO,2015,61-70,2
NEW MEXICO,2015,≥ 71,1
NEW MEXICO,2016,≤ 20,0
NEW MEXICO,2016,21-30,2
NEW MEXICO,2016,31-40,5
NEW MEXICO,2016,41-50,2
NEW MEXICO,2016,51-60,1
NEW MEXICO,2016,61-70,4
NEW MEXICO,2016,≥ 71,2
NEW MEXICO,2017,≤ 20,0
NEW MEXICO,2017,21-30,1
NEW MEXICO,2017,31-40,2
NEW MEXICO,2017,41-50,2
NEW MEXICO,2017,51-60,7
NEW MEXICO,2017,61-70,5
NEW MEXICO,2017,≥ 71,1
NEW MEXICO,2018,≤ 20,0
NEW MEXICO,2018,21-30,4
NEW MEXICO,2018,31-40,1
NEW MEXICO,2018,41-50,2
NEW MEXICO,2018,51-60,5
NEW MEXICO,2018,61-70,6
NEW MEXICO,2018,≥ 71,4
NEW MEXICO,2019,≤ 20,0
NEW MEXICO,2019,21-30,0
NEW MEXICO,2019,31-40,3
NEW MEXICO,2019,41-50,1
NEW MEXICO,2019,51-60,3
NEW MEXICO,2019,61-70,8
NEW MEXICO,2019,≥ 71,3
NEW YORK,2015,≤ 20,0
NEW YORK,2015,21-30,2
NEW YORK,2015,31-40,4
NEW YORK,2015,41-50,2
NEW YORK,2015,51-60,8
NEW YORK,2015,61-70,10
NEW YORK,2015,≥ 71,3
NEW YORK,2016,≤ 20,0
NEW YORK,2016,21-30,9
NEW YORK,2016,31-40,12
NEW YORK,2016,41-50,19
NEW YORK,2016,51-60,44
NEW YORK,2016,61-70,45
NEW YORK,2016,≥ 71,18
NEW YORK,2017,≤ 20,0
NEW YORK,2017,21-30,7
NEW YORK,2017,31-40,17
NEW YORK,2017,41-50,22
NEW YORK,2017,51-60,35
NEW YORK,2017,61-70,38
NEW YORK,2017,≥ 71,24
NEW YORK,2018,≤ 20,1
NEW YORK,2018,21-30,6
NEW YORK,2018,31-40,15
NEW YORK,2018,41-50,16
NEW YORK,2018,51-60,33
NEW YORK,2018,61-70,45
NEW YORK,2018,≥ 71,22
NEW YORK,2019,≤ 20,0
NEW YORK,2019,21-30,8
NEW YORK,2019,31-40,10
NEW YORK,2019,41-50,15
NEW YORK,2019,51-60,31
NEW YORK,2019,61-70,27
NEW YORK,2019,≥ 71,21
NORTH CAROLINA,2015,≤ 20,0
NORTH CAROLINA,2015,21-30,0
NORTH CAROLINA,2015,31-40,3
NORTH CAROLINA,2015,41-50,1
NORTH CAROLINA,2015,51-60,5
NORTH CAROLINA,2015,61-70,10
NORTH CAROLINA,2015,≥ 71,5
NORTH CAROLINA,2016,≤ 20,0
NORTH CAROLINA,2016,21-30,5
NORTH CAROLINA,2016,31-40,6
NORTH CAROLINA,2016,41-50,14
NORTH CAROLINA,2016,51-60,43
NORTH CAROLINA,2016,61-70,38
NORTH CAROLINA,2016,≥ 71,21
NORTH CAROLINA,2017,≤ 20,0
NORTH CAROLINA,2017,21-30,4
NORTH CAROLINA,2017,31-40,6
NORTH CAROLINA,2017,41-50,17
NORTH CAROLINA,2017,51-60,27
NORTH CAROLINA,2017,61-70,34
NORTH CAROLINA,2017,≥ 71,16
NORTH CAROLINA,2018,≤ 20,0
NORTH CAROLINA,2018,21-30,5
NORTH CAROLINA,2018,31-40,7
NORTH CAROLINA,2018,41-50,17
NORTH CAROLINA,2018,51-60,23
NORTH CAROLINA,2018,61-70,35
NORTH CAROLINA,2018,≥ 71,31
NORTH CAROLINA,2019,≤ 20,0
NORTH CAROLINA,2019,21-30,3
NORTH CAROLINA,2019,31-40,7
NORTH CAROLINA,2019,41-50,13
NORTH CAROLINA,2019,51-60,33
NORTH CAROLINA,2019,61-70,36
NORTH CAROLINA,2019,≥ 71,27
NORTH DAKOTA,2015,≤ 20,0
NORTH DAKOTA,2015,21-30,0
NORTH DAKOTA,2015,31-40,0
NORTH DAKOTA,2015,41-50,0
NORTH DAKOTA,2015,51-60,0
NORTH DAKOTA,2015,61-70,0
NORTH DAKOTA,2015,≥ 71,0
NORTH DAKOTA,2016,≤ 20,0
NORTH DAKOTA,2016,21-30,1
NORTH DAKOTA,2016,31-40,0
NORTH DAKOTA,2016,41-50,1
NORTH DAKOTA,2016,51-60,2
NORTH DAKOTA,2016,61-70,0
NORTH DAKOTA,2016,≥ 71,0
NORTH DAKOTA,2017,≤ 20,0
NORTH DAKOTA,2017,21-30,0
NORTH DAKOTA,2017,31-40,0
NORTH DAKOTA,2017,41-50,1
NORTH DAKOTA,2017,51-60,1
NORTH DAKOTA,2017,61-70,0
NORTH DAKOTA,2017,≥ 71,0
NORTH DAKOTA,2018,≤ 20,0
NORTH DAKOTA,2018,21-30,0
NORTH DAKOTA,2018,31-40,0
NORTH DAKOTA,2018,41-50,0
NORTH DAKOTA,2018,51-60,0
NORTH DAKOTA,2018,61-70,0
NORTH DAKOTA,2018,≥ 71,0
NORTH DAKOTA,2019,≤ 20,0
NORTH DAKOTA,2019,21-30,0
NORTH DAKOTA,2019,31-40,0
NORTH DAKOTA,2019,41-50,0
NORTH DAKOTA,2019,51-60,1
NORTH DAKOTA,2019,61-70,0
NORTH DAKOTA,2019,≥ 71,0
OHIO,2015,≤ 20,0
OHIO,2015,21-30,2
OHIO,2015,31-40,1
OHIO,2015,41-50,2
OHIO,2015,51-60,7
OHIO,2015,61-70,8
OHIO,2015,≥ 71,7
OHIO,2016,≤ 20,0
OHIO,2016,21-30,6
OHIO,2016,31-40,5
OHIO,2016,41-50,15
OHIO,2016,51-60,36
OHIO,2016,61-70,38
OHIO,2016,≥ 71,33
OHIO,2017,≤ 20,0
OHIO,2017,21-30,4
OHIO,2017,31-40,9
OHIO,2017,41-50,15
OHIO,2017,51-60,36
OHIO,2017,61-70,53
OHIO,2017,≥ 71,32
OHIO,2018,≤ 20,0
OHIO,2018,21-30,9
OHIO,2018,31-40,7
OHIO,2018,41-50,18
OHIO,2018,51-60,33
OHIO,2018,61-70,44
OHIO,2018,≥ 71,40
OHIO,2019,≤ 20,0
OHIO,2019,21-30,9
OHIO,2019,31-40,11
OHIO,2019,41-50,10
OHIO,2019,51-60,26
OHIO,2019,61-70,40
OHIO,2019,≥ 71,40
OKLAHOMA,2015,≤ 20,0
OKLAHOMA,2015,21-30,1
OKLAHOMA,2015,31-40,1
OKLAHOMA,2015,41-50,5
OKLAHOMA,2015,51-60,3
OKLAHOMA,2015,61-70,4
OKLAHOMA,2015,≥ 71,4
OKLAHOMA,2016,≤ 20,0
OKLAHOMA,2016,21-30,4
OKLAHOMA,2016,31-40,12
OKLAHOMA,2016,41-50,15
OKLAHOMA,2016,51-60,37
OKLAHOMA,2016,61-70,14
OKLAHOMA,2016,≥ 71,11
OKLAHOMA,2017,≤ 20,0
OKLAHOMA,2017,21-30,8
OKLAHOMA,2017,31-40,7
OKLAHOMA,2017,41-50,13
OKLAHOMA,2017,51-60,18
OKLAHOMA,2017,61-70,31
OKLAHOMA,2017,≥ 71,9
OKLAHOMA,2018,≤ 20,0
OKLAHOMA,2018,21-30,1
OKLAHOMA,2018,31-40,12
OKLAHOMA,2018,41-50,16
OKLAHOMA,2018,51-60,22
OKLAHOMA,2018,61-70,39
OKLAHOMA,2018,≥ 71,23
OKLAHOMA,2019,≤ 20,0
OKLAHOMA,2019,21-30,7
OKLAHOMA,2019,31-40,5
OKLAHOMA,2019,41-50,10
OKLAHOMA,2019,51-60,30
OKLAHOMA,2019,61-70,33
OKLAHOMA,2019,≥ 71,15
OREGON,2015,≤ 20,0
OREGON,2015,21-30,0
OREGON,2015,31-40,0
OREGON,2015,41-50,1
OREGON,2015,51-60,3
OREGON,2015,61-70,3
OREGON,2015,≥ 71,1
OREGON,2016,≤ 20,0
OREGON,2016,21-30,3
OREGON,2016,31-40,1
OREGON,2016,41-50,5
OREGON,2016,51-60,14
OREGON,2016,61-70,11
OREGON,2016,≥ 71,13
OREGON,2017,≤ 20,0
OREGON,2017,21-30,1
OREGON,2017,31-40,1
OREGON,2017,41-50,2
OREGON,2017,51-60,8
OREGON,2017,61-70,8
OREGON,2017,≥ 71,5
OREGON,2018,≤ 20,0
OREGON,2018,21-30,1
OREGON,2018,31-40,0
OREGON,2018,41-50,3
OREGON,2018,51-60,11
OREGON,2018,61-70,8
OREGON,2018,≥ 71,10
OREGON,2019,≤ 20,0
OREGON,2019,21-30,3
OREGON,2019,31-40,0
OREGON,2019,41-50,3
OREGON,2019,51-60,6
OREGON,2019,61-70,5
OREGON,2019,≥ 71,17
PENNSYLVANIA,2015,≤ 20,0
PENNSYLVANIA,2015,21-30,3
PENNSYLVANIA,2015,31-40,5
PENNSYLVANIA,2015,41-50,7
PENNSYLVANIA,2015,51-60,8
PENNSYLVANIA,2015,61-70,15
PENNSYLVANIA,2015,≥ 71,5
PENNSYLVANIA,2016,≤ 20,0
PENNSYLVANIA,2016,21-30,6
PENNSYLVANIA,2016,31-40,12
PENNSYLVANIA,2016,41-50,15
PENNSYLVANIA,2016,51-60,55
PENNSYLVANIA,2016,61-70,47
PENNSYLVANIA,2016,≥ 71,36
PENNSYLVANIA,2017,≤ 20,0
PENNSYLVANIA,2017,21-30,8
PENNSYLVANIA,2017,31-40,11
PENNSYLVANIA,2017,41-50,21
PENNSYLVANIA,2017,51-60,43
PENNSYLVANIA,2017,61-70,57
PENNSYLVANIA,2017,≥ 71,41
PENNSYLVANIA,2018,≤ 20,0
PENNSYLVANIA,2018,21-30,7
PENNSYLVANIA,2018,31-40,13
PENNSYLVANIA,2018,41-50,17
PENNSYLVANIA,2018,51-60,46
PENNSYLVANIA,2018,61-70,41
PENNSYLVANIA,2018,≥ 71,42
PENNSYLVANIA,2019,≤ 20,0
PENNSYLVANIA,2019,21-30,7
PENNSYLVANIA,2019,31-40,11
PENNSYLVANIA,2019,41-50,16
PENNSYLVANIA,2019,51-60,37
PENNSYLVANIA,2019,61-70,44
PENNSYLVANIA,2019,≥ 71,42
RHODE ISLAND,2015,≤ 20,0
RHODE ISLAND,2015,21-30,0
RHODE ISLAND,2015,31-40,1
RHODE ISLAND,2015,41-50,1
RHODE ISLAND,2015,51-60,0
RHODE ISLAND,2015,61-70,0
RHODE ISLAND,2015,≥ 71,0
RHODE ISLAND,2016,≤ 20,0
RHODE ISLAND,2016,21-30,0
RHODE ISLAND,2016,31-40,0
RHODE ISLAND,2016,41-50,2
RHODE ISLAND,2016,51-60,0
RHODE ISLAND,2016,61-70,0
RHODE ISLAND,2016,≥ 71,0
RHODE ISLAND,2017,≤ 20,0
RHODE ISLAND,2017,21-30,1
RHODE ISLAND,2017,31-40,1
RHODE ISLAND,2017,41-50,0
RHODE ISLAND,2017,51-60,4
RHODE ISLAND,2017,61-70,0
RHODE ISLAND,2017,≥ 71,2
RHODE ISLAND,2018,≤ 20,0
RHODE ISLAND,2018,21-30,0
RHODE ISLAND,2018,31-40,0
RHODE ISLAND,2018,41-50,0
RHODE ISLAND,2018,51-60,1
RHODE ISLAND,2018,61-70,1
RHODE ISLAND,2018,≥ 71,3
RHODE ISLAND,2019,≤ 20,0
RHODE ISLAND,2019,21-30,0
RHODE ISLAND,2019,31-40,0
RHODE ISLAND,2019,41-50,0
RHODE ISLAND,2019,51-60,1
RHODE ISLAND,2019,61-70,0
RHODE ISLAND,2019,≥ 71,2
SOUTH CAROLINA,2015,≤ 20,0
SOUTH CAROLINA,2015,21-30,1
SOUTH CAROLINA,2015,31-40,1
SOUTH CAROLINA,2015,41-50,4
SOUTH CAROLINA,2015,51-60,10
SOUTH CAROLINA,2015,61-70,3
SOUTH CAROLINA,2015,≥ 71,5
SOUTH CAROLINA,2016,≤ 20,0
SOUTH CAROLINA,2016,21-30,6
SOUTH CAROLINA,2016,31-40,14
SOUTH CAROLINA,2016,41-50,12
SOUTH CAROLINA,2016,51-60,22
SOUTH CAROLINA,2016,61-70,17
SOUTH CAROLINA,2016,≥ 71,8
SOUTH CAROLINA,2017,≤ 20,0
SOUTH CAROLINA,2017,21-30,4
SOUTH CAROLINA,2017,31-40,10
SOUTH CAROLINA,2017,41-50,14
SOUTH CAROLINA,2017,51-60,27
SOUTH CAROLINA,2017,61-70,33
SOUTH CAROLINA,2017,≥ 71,17
SOUTH CAROLINA,2018,≤ 20,1
SOUTH CAROLINA,2018,21-30,8
SOUTH CAROLINA,2018,31-40,16
SOUTH CAROLINA,2018,41-50,13
SOUTH CAROLINA,2018,51-60,27
SOUTH CAROLINA,2018,61-70,16
SOUTH CAROLINA,2018,≥ 71,19
SOUTH CAROLINA,2019,≤ 20,0
SOUTH CAROLINA,2019,21-30,7
SOUTH CAROLINA,2019,31-40,16
SOUTH CAROLINA,2019,41-50,7
SOUTH CAROLINA,2019,51-60,17
SOUTH CAROLINA,2019,61-70,11
SOUTH CAROLINA,2019,≥ 71,12
SOUTH DAKOTA,2015,≤ 20,0
SOUTH DAKOTA,2015,21-30,1
SOUTH DAKOTA,2015,31-40,0
SOUTH DAKOTA,2015,41-50,0
SOUTH DAKOTA,2015,51-60,0
SOUTH DAKOTA,2015,61-70,1
SOUTH DAKOTA,2015,≥ 71,0
SOUTH DAKOTA,2016,≤ 20,0
SOUTH DAKOTA,2016,21-30,1
SOUTH DAKOTA,2016,31-40,1
SOUTH DAKOTA,2016,41-50,0
SOUTH DAKOTA,2016,51-60,2
SOUTH DAKOTA,2016,61-70,1
SOUTH DAKOTA,2016,≥ 71,0
SOUTH DAKOTA,2017,≤ 20,0
SOUTH DAKOTA,2017,21-30,1
SOUTH DAKOTA,2017,31-40,0
SOUTH DAKOTA,2017,41-50,3
SOUTH DAKOTA,2017,51-60,3
SOUTH DAKOTA,2017,61-70,1
SOUTH DAKOTA,2017,≥ 71,4
SOUTH DAKOTA,2018,≤ 20,0
SOUTH DAKOTA,2018,21-30,1
SOUTH DAKOTA,2018,31-40,0
SOUTH DAKOTA,2018,41-50,1
SOUTH DAKOTA,2018,51-60,0
SOUTH DAKOTA,2018,61-70,2
SOUTH DAKOTA,2018,≥ 71,2
SOUTH DAKOTA,2019,≤ 20,0
SOUTH DAKOTA,2019,21-30,0
SOUTH DAKOTA,2019,31-40,0
SOUTH DAKOTA,2019,41-50,5
SOUTH DAKOTA,2019,51-60,2
SOUTH DAKOTA,2019,61-70,4
SOUTH DAKOTA,2019,≥ 71,1
TENNESSEE,2015,≤ 20,0
TENNESSEE,2015,21-30,0
TENNESSEE,2015,31-40,2
TENNESSEE,2015,41-50,8
TENNESSEE,2015,51-60,12
TENNESSEE,2015,61-70,8
TENNESSEE,2015,≥ 71,2
TENNESSEE,2016,≤ 20,0
TENNESSEE,2016,21-30,4
TENNESSEE,2016,31-40,4
TENNESSEE,2016,41-50,15
TENNESSEE,2016,51-60,35
TENNESSEE,2016,61-70,36
TENNESSEE,2016,≥ 71,8
TENNESSEE,2017,≤ 20,0
TENNESSEE,2017,21-30,5
TENNESSEE,2017,31-40,11
TENNESSEE,2017,41-50,9
TENNESSEE,2017,51-60,29
TENNESSEE,2017,61-70,22
TENNESSEE,2017,≥ 71,20
TENNESSEE,2018,≤ 20,0
TENNESSEE,2018,21-30,5
TENNESSEE,2018,31-40,13
TENNESSEE,2018,41-50,24
TENNESSEE,2018,51-60,34
TENNESSEE,2018,61-70,32
TENNESSEE,2018,≥ 71,13
TENNESSEE,2019,≤ 20,0
TENNESSEE,2019,21-30,10
TENNESSEE,2019,31-40,9
TENNESSEE,2019,41-50,14
TENNESSEE,2019,51-60,29
TENNESSEE,2019,61-70,24
TENNESSEE,2019,≥ 71,17
TEXAS,2015,≤ 20,1
TEXAS,2015,21-30,5
TEXAS,2015,31-40,10
TEXAS,2015,41-50,15
TEXAS,2015,51-60,42
TEXAS,2015,61-70,34
TEXAS,2015,≥ 71,12
TEXAS,2016,≤ 20,0
TEXAS,2016,21-30,15
TEXAS,2016,31-40,31
TEXAS,2016,41-50,67
TEXAS,2016,51-60,127
TEXAS,2016,61-70,105
TEXAS,2016,≥ 71,58
TEXAS,2017,≤ 20,2
TEXAS,2017,21-30,22
TEXAS,2017,31-40,43
TEXAS,2017,41-50,69
TEXAS,2017,51-60,131
TEXAS,2017,61-70,126
TEXAS,2017,≥ 71,76
TEXAS,2018,≤ 20,0
TEXAS,2018,21-30,15
TEXAS,2018,31-40,37
TEXAS,2018,41-50,68
TEXAS,2018,51-60,156
TEXAS,2018,61-70,142
TEXAS,2018,≥ 71,87
TEXAS,2019,≤ 20,1
TEXAS,2019,21-30,16
TEXAS,2019,31-40,44
TEXAS,2019,41-50,57
TEXAS,2019,51-60,132
TEXAS,2019,61-70,117
TEXAS,2019,≥ 71,81
UTAH,2015,≤ 20,0
UTAH,2015,21-30,0
UTAH,2015,31-40,0
UTAH,2015,41-50,0
UTAH,2015,51-60,3
UTAH,2015,61-70,0
UTAH,2015,≥ 71,2
UTAH,2016,≤ 20,1
UTAH,2016,21-30,2
UTAH,2016,31-40,3
UTAH,2016,41-50,1
UTAH,2016,51-60,4
UTAH,2016,61-70,3
UTAH,2016,≥ 71,7
UTAH,2017,≤ 20,0
UTAH,2017,21-30,1
UTAH,2017,31-40,0
UTAH,2017,41-50,1
UTAH,2017,51-60,5
UTAH,2017,61-70,7
UTAH,2017,≥ 71,6
UTAH,2018,≤ 20,0
UTAH,2018,21-30,1
UTAH,2018,31-40,1
UTAH,2018,41-50,2
UTAH,2018,51-60,4
UTAH,2018,61-70,4
UTAH,2018,≥ 71,5
UTAH,2019,≤ 20,0
UTAH,2019,21-30,1
UTAH,2019,31-40,3
UTAH,2019,41-50,1
UTAH,2019,51-60,2
UTAH,2019,61-70,5
UTAH,2019,≥ 71,9
VERMONT,2015,≤ 20,0
VERMONT,2015,21-30,0
VERMONT,2015,31-40,0
VERMONT,2015,41-50,0
VERMONT,2015,51-60,1
VERMONT,2015,61-70,0
VERMONT,2015,≥ 71,0
VERMONT,2016,≤ 20,0
VERMONT,2016,21-30,1
VERMONT,2016,31-40,2
VERMONT,2016,41-50,1
VERMONT,2016,51-60,1
VERMONT,2016,61-70,0
VERMONT,2016,≥ 71,2
VERMONT,2017,≤ 20,0
VERMONT,2017,21-30,1
VERMONT,2017,31-40,0
VERMONT,2017,41-50,0
VERMONT,2017,51-60,2
VERMONT,2017,61-70,0
VERMONT,2017,≥ 71,1
VERMONT,2018,≤ 20,0
VERMONT,2018,21-30,0
VERMONT,2018,31-40,0
VERMONT,2018,41-50,0
VERMONT,2018,51-60,1
VERMONT,2018,61-70,0
VERMONT,2018,≥ 71,1
VERMONT,2019,≤ 20,0
VERMONT,2019,21-30,0
VERMONT,2019,31-40,0
VERMONT,2019,41-50,1
VERMONT,2019,51-60,3
VERMONT,2019,61-70,0
VERMONT,2019,≥ 71,1
VIRGINIA,2015,≤ 20,0
VIRGINIA,2015,21-30,2
VIRGINIA,2015,31-40,4
VIRGINIA,2015,41-50,0
VIRGINIA,2015,51-60,9
VIRGINIA,2015,61-70,4
VIRGINIA,2015,≥ 71,1
VIRGINIA,2016,≤ 20,0
VIRGINIA,2016,21-30,2
VIRGINIA,2016,31-40,3
VIRGINIA,2016,41-50,14
VIRGINIA,2016,51-60,36
VIRGINIA,2016,61-70,24
VIRGINIA,2016,≥ 71,11
VIRGINIA,2017,≤ 20,0
VIRGINIA,2017,21-30,0
VIRGINIA,2017,31-40,7
VIRGINIA,2017,41-50,13
VIRGINIA,2017,51-60,28
VIRGINIA,2017,61-70,24
VIRGINIA,2017,≥ 71,21
VIRGINIA,2018,≤ 20,0
VIRGINIA,2018,21-30,3
VIRGINIA,2018,31-40,6
VIRGINIA,2018,41-50,15
VIRGINIA,2018,51-60,36
VIRGINIA,2018,61-70,30
VIRGINIA,2018,≥ 71,16
VIRGINIA,2019,≤ 20,0
VIRGINIA,2019,21-30,3
VIRGINIA,2019,31-40,11
VIRGINIA,2019,41-50,9
VIRGINIA,2019,51-60,24
VIRGINIA,2019,61-70,28
VIRGINIA,2019,≥ 71,15
WASHINGTON,2015,≤ 20,0
WASHINGTON,2015,21-30,0
WASHINGTON,2015,31-40,1
WASHINGTON,2015,41-50,3
WASHINGTON,2015,51-60,5
WASHINGTON,2015,61-70,3
WASHINGTON,2015,≥ 71,3
WASHINGTON,2016,≤ 20,0
WASHINGTON,2016,21-30,3
WASHINGTON,2016,31-40,0
WASHINGTON,2016,41-50,2
WASHINGTON,2016,51-60,6
WASHINGTON,2016,61-70,6
WASHINGTON,2016,≥ 71,11
WASHINGTON,2017,≤ 20,0
WASHINGTON,2017,21-30,2
WASHINGTON,2017,31-40,4
WASHINGTON,2017,41-50,4
WASHINGTON,2017,51-60,14
WASHINGTON,2017,61-70,9
WASHINGTON,2017,≥ 71,7
WASHINGTON,2018,≤ 20,0
WASHINGTON,2018,21-30,2
WASHINGTON,2018,31-40,3
WASHINGTON,2018,41-50,9
WASHINGTON,2018,51-60,9
WASHINGTON,2018,61-70,6
WASHINGTON,2018,≥ 71,7
WASHINGTON,2019,≤ 20,0
WASHINGTON,2019,21-30,3
WASHINGTON,2019,31-40,4
WASHINGTON,2019,41-50,3
WASHINGTON,2019,51-60,6
WASHINGTON,2019,61-70,12
WASHINGTON,2019,≥ 71,9
WEST VIRGINIA,2015,≤ 20,0
WEST VIRGINIA,2015,21-30,0
WEST VIRGINIA,2015,31-40,0
WEST VIRGINIA,2015,41-50,1
WEST VIRGINIA,2015,51-60,0
WEST VIRGINIA,2015,61-70,4
WEST VIRGINIA,2015,≥ 71,1
WEST VIRGINIA,2016,≤ 20,0
WEST VIRGINIA,2016,21-30,0
WEST VIRGINIA,2016,31-40,3
WEST VIRGINIA,2016,41-50,7
WEST VIRGINIA,2016,51-60,8
WEST VIRGINIA,2016,61-70,7
WEST VIRGINIA,2016,≥ 71,1
WEST VIRGINIA,2017,≤ 20,0
WEST VIRGINIA,2017,21-30,2
WEST VIRGINIA,2017,31-40,5
WEST VIRGINIA,2017,41-50,2
WEST VIRGINIA,2017,51-60,6
WEST VIRGINIA,2017,61-70,7
WEST VIRGINIA,2017,≥ 71,7
WEST VIRGINIA,2018,≤ 20,0
WEST VIRGINIA,2018,21-30,1
WEST VIRGINIA,2018,31-40,1
WEST VIRGINIA,2018,41-50,6
WEST VIRGINIA,2018,51-60,7
WEST VIRGINIA,2018,61-70,11
WEST VIRGINIA,2018,≥ 71,8
WEST VIRGINIA,2019,≤ 20,0
WEST VIRGINIA,2019,21-30,1
WEST VIRGINIA,2019,31-40,1
WEST VIRGINIA,2019,41-50,0
WEST VIRGINIA,2019,51-60,8
WEST VIRGINIA,2019,61-70,5
WEST VIRGINIA,2019,≥ 71,13
WISCONSIN,2015,≤ 20,0
WISCONSIN,2015,21-30,0
WISCONSIN,2015,31-40,0
WISCONSIN,2015,41-50,2
WISCONSIN,2015,51-60,8
WISCONSIN,2015,61-70,3
WISCONSIN,2015,≥ 71,2
WISCONSIN,2016,≤ 20,1
WISCONSIN,2016,21-30,5
WISCONSIN,2016,31-40,7
WISCONSIN,2016,41-50,7
WISCONSIN,2016,51-60,17
WISCONSIN,2016,61-70,18
WISCONSIN,2016,≥ 71,11
WISCONSIN,2017,≤ 20,1
WISCONSIN,2017,21-30,1
WISCONSIN,2017,31-40,2
WISCONSIN,2017,41-50,8
WISCONSIN,2017,51-60,6
WISCONSIN,2017,61-70,10
WISCONSIN,2017,≥ 71,15
WISCONSIN,2018,≤ 20,0
WISCONSIN,2018,21-30,5
WISCONSIN,2018,31-40,4
WISCONSIN,2018,41-50,5
WISCONSIN,2018,51-60,15
WISCONSIN,2018,61-70,9
WISCONSIN,2018,≥ 71,14
WISCONSIN,2019,≤ 20,0
WISCONSIN,2019,21-30,0
WISCONSIN,2019,31-40,4
WISCONSIN,2019,41-50,6
WISCONSIN,2019,51-60,14
WISCONSIN,2019,61-70,12
WISCONSIN,2019,≥ 71,13
WYOMING,2015,≤ 20,0
WYOMING,2015,21-30,0
WYOMING,2015,31-40,0
WYOMING,2015,41-50,0
WYOMING,2015,51-60,0
WYOMING,2015,61-70,1
WYOMING,2015,≥ 71,1
WYOMING,2016,≤ 20,0
WYOMING,2016,21-30,1
WYOMING,2016,31-40,0
WYOMING,2016,41-50,2
WYOMING,2016,51-60,3
WYOMING,2016,61-70,3
WYOMING,2016,≥ 71,2
WYOMING,2017,≤ 20,0
WYOMING,2017,21-30,0
WYOMING,2017,31-40,1
WYOMING,2017,41-50,1
WYOMING,2017,51-60,1
WYOMING,2017,61-70,3
WYOMING,2017,≥ 71,2
WYOMING,2018,≤ 20,0
WYOMING,2018,21-30,1
WYOMING,2018,31-40,0
WYOMING,2018,41-50,0
WYOMING,2018,51-60,3
WYOMING,2018,61-70,1
WYOMING,2018,≥ 71,1
WYOMING,2019,≤ 20,0
WYOMING,2019,21-30,1
WYOMING,2019,31-40,0
WYOMING,2019,41-50,0
WYOMING,2019,51-60,1
WYOMING,2019,61-70,1
WYOMING,2019,≥ 71,6
